{
    "version": "9.4.1",
    "settingsVersion": "2.0",
    "level": "Pro",
    "dropoffRate": {
        "radioID": "mediumDrop"
    },
    "stressPattern": {
        "radioID": "randomStress"
    },
    "footDefinition": {
        "radioID": "footDefinition2"
    },
    "feetBuildFrom": {
        "radioID": "leftEdge"
    },
    "feetStressedOn": {
        "radioID": "firstSyllable"
    },
    "mainStress": {
        "radioID": "leftMost"
    },
    "representToneAs": {
        "radioID": "letter"
    },
    "numberBase": {
        "radioID": "numberBaseEither"
    },
    "wordOrder": {
        "radioID": "randomWordOrder"
    },
    "adjectiveOrder": {
        "radioID": "randomAdjOrder"
    },
    "forceAffixes": {
        "radioID": "forceAffixesEither"
    },
    "customPhonemes": {
        "value": "false"
    },
    "addRandomPhonemes": {
        "value": "false"
    },
    "wordStructure": {
        "value": "true"
    },
    "advancedWordStructure": {
        "value": "false"
    },
    "syllableStructure": {
        "value": "false"
    },
    "allowContrastiveStress": {
        "value": "false"
    },
    "vowelProbabilities": {
        "value": "false"
    },
    "vowelToneCheck": {
        "value": "false"
    },
    "spellingCheck": {
        "value": "false"
    },
    "spellingSensitiveToStress": {
        "value": "false"
    },
    "addRandomSpellingRules": {
        "value": "false"
    },
    "composeSpelling": {
        "value": "false"
    },
    "hangul": {
        "value": "false"
    },
    "removeAllSpelling": {
        "value": "false"
    },
    "secondSpellingCheck": {
        "value": "false"
    },
    "phonologicalChangesCheck": {
        "value": "false"
    },
    "applyPhonologicalChanges": {
        "value": "false"
    },
    "sqaureBracketChanges": {
        "value": "false"
    },
    "addRandomPhonologicalRules": {
        "value": "false"
    },
    "removeForwardslash": {
        "value": "false"
    },
    "addRemoveWordsCheck": {
        "value": "false"
    },
    "sciFiVocab": {
        "value": "true"
    },
    "removeDefaultWords": {
        "value": "false"
    },
    "removeTranslations": {
        "value": "false"
    },
    "removeDefaultDerivedWords": {
        "value": "false"
    },
    "POSmorphologyCheck": {
        "value": "false"
    },
    "nounGenderCheck": {
        "value": "false"
    },
    "grammarCheck": {
        "value": "false"
    },
    "hidePhonologySection": {
        "value": "false"
    },
    "expandEditor": {
        "value": "false"
    },
    "banDoubleVowel": {
        "value": "true"
    },
    "anglicize": {
        "value": "true"
    },
    "removeDiphthongTiebar": {
        "value": "true"
    },
    "displayDerivationalAffixes": {
        "value": "true"
    },
    "pdfColumnBreak": {
        "value": "true"
    },
    "customConsonants": {
        "value": ""
    },
    "customVowels": {
        "value": ""
    },
    "wordInitialConsonants": {
        "value": "d dr dɾ ʤ f fl fɾ g gl gw gɾ h hl hɾ j k kɾ l m mh mr mɾ n nh nɾ q ql qw r rh s t ʧ v vɾ x z ɾ ɾh ʃ ʒ θ"
    },
    "midWordConsonants": {
        "value": "d dː dːɾ dːʒ dr dɾ ʤ f fː fk fr ft fv g gː gm gw h hː hl hq hs hɾ j jː k kː kw kɾ l ld lf lk lː lm ls lt lv lz lʃ lʃt m mː mv mz mɾ n nd ndɾ ng nh nl nː nq ns nt nɾ nθ nθq q qː qs qw r rq s sf sk sm sq sː st t tː tʧ ʧ ʧɾ v vː vz vɾ w wː x xd xm xq xt xː z zg zj zv zː zɾ ɾ ɾʤ ɾf ɾg ɾh ɾk ɾl ɾq ɾs ɾsq ɾt ɾv ɾz ɾʃ ɾθ ɾθq ʃ ʃf ʃn ʃv ʃː ʒ ʒq ʒv θ θd θdɾ θʤ θf θg θh θj θk θl θm θmh θn θnh θq θt θʧ θv θz θɾ θʒ θː"
    },
    "wordFinalConsonants": {
        "value": "d ʤ f h j k kh l lt lʃ m mɾ n r s sk sm st t ʧ v x z ɾ ɾf ʃ ʒ θ"
    },
    "illegalCombinations": {
        "value": ""
    },
    "advancedVowels": {
        "value": "a e i o u"
    },
    "secondVowelGroup": {
        "value": ""
    },
    "phonemeClasses": {
        "value": "C = b k p r s v w q g\nL = l m n\nV = a e i o u\nA = ion lar mel\nS = CV CVL VC"
    },
    "wordPatterns": {
        "value": "S\nSS\nSSS\nzVSA\n\npronoun = \nV\nS\n\ndeterminer = \nV\nS"
    },
    "affixPatterns": {
        "value": "-VC\nCLa-\nCa-"
    },
    "maxOnset": {
        "value": ""
    },
    "maxCoda": {
        "value": ""
    },
    "vowelStartProb": {
        "value": ""
    },
    "vowelEndProb": {
        "value": ""
    },
    "vowelTones": {
        "value": ""
    },
    "spellingRules": {
        "value": ""
    },
    "customAlphabetOrder": {
        "value": ""
    },
    "secondSpellingRules": {
        "value": ""
    },
    "phonologicalRules": {
        "value": ""
    },
    "addRemoveWords": {
        "value": ""
    },
    "derivedWords": {
        "value": ""
    },
    "derivationalAffixes": {
        "value": "ADVERB = Random\nQUALITY.OF.BEING = Random\nTO.MAKE = Random\nHAVING.QUALITY.OF = Random\nRELATING.TO = Random\nTO.CREATE = Random\nRESULT.OF.DOING = Random\nLIKELY.TO = Random\nACT.OF = Random\nPRODUCT.OF = Random\nDOER = Random\nPLACE.OF = Random\nDIM = Random\nAUG = Random"
    },
    "POSmorphology": {
        "value": "nm = -o\nnf = -a\nv = -ar"
    },
    "languageName": {
        "value": ""
    },
    "anglicizedName": {
        "value": ""
    },
    "nounGenders": {
        "value": "Masculine\nFeminine\nNeuter"
    },
    "pdfWordColour": {
        "value": "blue"
    },
    "pdfBackgroundColour": {
        "value": "maroon"
    },
    "pdfColumnsPerPage": {
        "value": "3"
    },
    "pdfIPA": {
        "value": "IPAbn"
    },
    "harmonyClicked": {
        "value": "false"
    },
    "grammarEditor": {
        "ops": [
            {
                "attributes": {
                    "font": "cinzel"
                },
                "insert": "The ((Langname)) Language"
            },
            {
                "attributes": {
                    "align": "center",
                    "header": 1
                },
                "insert": "\n"
            },
            {
                "insert": "\nDocument your language here ...\n"
            }
        ]
    },
    "seedNumber": {
        "value": ""
    }
}