{
    "version": "9.4.1",
    "settingsVersion": "2.0",
    "level": "Pro",
    "dropoffRate": {
        "radioID": "mediumDrop"
    },
    "stressPattern": {
        "radioID": "initalStress"
    },
    "footDefinition": {
        "radioID": "footDefinition2"
    },
    "feetBuildFrom": {
        "radioID": "leftEdge"
    },
    "feetStressedOn": {
        "radioID": "firstSyllable"
    },
    "mainStress": {
        "radioID": "leftMost"
    },
    "representToneAs": {
        "radioID": "letter"
    },
    "numberBase": {
        "radioID": "numberBaseEither"
    },
    "wordOrder": {
        "radioID": "randomWordOrder"
    },
    "adjectiveOrder": {
        "radioID": "randomAdjOrder"
    },
    "forceAffixes": {
        "radioID": "forceAffixesEither"
    },
    "customPhonemes": {
        "value": "false"
    },
    "addRandomPhonemes": {
        "value": "false"
    },
    "wordStructure": {
        "value": "true"
    },
    "advancedWordStructure": {
        "value": "false"
    },
    "syllableStructure": {
        "value": "false"
    },
    "allowContrastiveStress": {
        "value": "false"
    },
    "vowelProbabilities": {
        "value": "false"
    },
    "vowelToneCheck": {
        "value": "false"
    },
    "spellingCheck": {
        "value": "true"
    },
    "spellingSensitiveToStress": {
        "value": "false"
    },
    "addRandomSpellingRules": {
        "value": "false"
    },
    "composeSpelling": {
        "value": "false"
    },
    "hangul": {
        "value": "false"
    },
    "removeAllSpelling": {
        "value": "false"
    },
    "secondSpellingCheck": {
        "value": "false"
    },
    "phonologicalChangesCheck": {
        "value": "false"
    },
    "applyPhonologicalChanges": {
        "value": "false"
    },
    "sqaureBracketChanges": {
        "value": "false"
    },
    "addRandomPhonologicalRules": {
        "value": "false"
    },
    "removeForwardslash": {
        "value": "false"
    },
    "addRemoveWordsCheck": {
        "value": "false"
    },
    "sciFiVocab": {
        "value": "true"
    },
    "removeDefaultWords": {
        "value": "false"
    },
    "removeTranslations": {
        "value": "false"
    },
    "removeDefaultDerivedWords": {
        "value": "false"
    },
    "POSmorphologyCheck": {
        "value": "false"
    },
    "nounGenderCheck": {
        "value": "false"
    },
    "grammarCheck": {
        "value": "false"
    },
    "hidePhonologySection": {
        "value": "false"
    },
    "expandEditor": {
        "value": "false"
    },
    "banDoubleVowel": {
        "value": "true"
    },
    "anglicize": {
        "value": "true"
    },
    "removeDiphthongTiebar": {
        "value": "false"
    },
    "displayDerivationalAffixes": {
        "value": "true"
    },
    "pdfColumnBreak": {
        "value": "true"
    },
    "customConsonants": {
        "value": ""
    },
    "customVowels": {
        "value": ""
    },
    "wordInitialConsonants": {
        "value": "b c ç çm cl d dʒ dʒh d͡ʒ f fr g gr h k l m mr n p q r rʰ s ss sʒ sθ sv str t tr  v vh ɣ w ʎ ʎr z θ θr ʃ"
    },
    "midWordConsonants": {
        "value": "c ç çθ d dʒ f g gr h hr k kh kr ks l m n nn ŋ p q r rk rt rθ s sç sk sθ ss st sʒ str sv t tr v θ θr ʃ ʃr"
    },
    "wordFinalConsonants": {
        "value": "ç d dʒ f h k ks l lk m n nθ nd nk nt ŋ r rb rl rn rʰ rθ rʃ s sç sk ss sv sʒ sʒθ t v θ"
    },
    "illegalCombinations": {
        "value": "qu ɒV Vɒ"
    },
    "advancedVowels": {
        "value": "ɑ ɒ ɑi ɑo ɑʊ i iɑ ɪ ɪɛ ɛ ɛɪ ɛo o u uɑ uo"
    },
    "secondVowelGroup": {
        "value": ""
    },
    "phonemeClasses": {
        "value": "C = b c ç cl d dʒ f fr g h k l m n p q r s t sʒ v vh ɣ w ʎ z θ ʃ\nV = ɑ ɒ ɑi ɑo ɑʊ i iɑ ɪ ɪɛ ɛ ɛɪ ɛo o u uɑ uo\nS = CV CVC"
    },
    "wordPatterns": {
        "value": "S\nSS\nSSS\n\npronoun = \nV\nS\n\ndeterminer = \nV\nS"
    },
    "affixPatterns": {
        "value": "-VC\nCLa-\nCa-"
    },
    "maxOnset": {
        "value": ""
    },
    "maxCoda": {
        "value": ""
    },
    "vowelStartProb": {
        "value": ""
    },
    "vowelEndProb": {
        "value": ""
    },
    "vowelTones": {
        "value": ""
    },
    "spellingRules": {
        "value": "ɑi > ai\nɑʊ > au\nɛɪ > ei\niɑ > ea\nɪɛ > ie\nuɐ > ua\nɪ&# > y&\n#&ɪ > &y\n#d͡ʒ > dj\ndʒ > j\nsʒ > sj\nks > x\nç# > kc|ch\nrʰ > rh\nɒ > aa\nɑ > a\nɛ > ae\nɪ > i\nç > ch\nɣ > gh\nθ > th\nʎ > y\nŋ > ng\nʃ > sh"
    },
    "customAlphabetOrder": {
        "value": ""
    },
    "secondSpellingRules": {
        "value": ""
    },
    "phonologicalRules": {
        "value": ""
    },
    "addRemoveWords": {
        "value": ""
    },
    "derivedWords": {
        "value": ""
    },
    "derivationalAffixes": {
        "value": "ADVERB = Random\nQUALITY.OF.BEING = Random\nTO.MAKE = Random\nHAVING.QUALITY.OF = Random\nRELATING.TO = Random\nTO.CREATE = Random\nRESULT.OF.DOING = Random\nLIKELY.TO = Random\nACT.OF = Random\nPRODUCT.OF = Random\nDOER = Random\nPLACE.OF = Random\nDIM = Random\nAUG = Random"
    },
    "POSmorphology": {
        "value": "nm = -o\nnf = -a\nv = -ar"
    },
    "languageName": {
        "value": ""
    },
    "anglicizedName": {
        "value": ""
    },
    "nounGenders": {
        "value": "Masculine\nFeminine\nNeuter"
    },
    "pdfWordColour": {
        "value": "blue"
    },
    "pdfBackgroundColour": {
        "value": "maroon"
    },
    "pdfColumnsPerPage": {
        "value": "3"
    },
    "pdfIPA": {
        "value": "IPAbn"
    },
    "harmonyClicked": {
        "value": "false"
    },
    "grammarEditor": {
        "ops": [
            {
                "insert": "\n"
            }
        ]
    },
    "seedNumber": {
        "value": ""
    }
}