{
    "version": "9.4.1",
    "settingsVersion": "2.0",
    "level": "Pro",
    "dropoffRate": {
        "radioID": "mediumDrop"
    },
    "stressPattern": {
        "radioID": "randomStress"
    },
    "footDefinition": {
        "radioID": "footDefinition2"
    },
    "feetBuildFrom": {
        "radioID": "leftEdge"
    },
    "feetStressedOn": {
        "radioID": "firstSyllable"
    },
    "mainStress": {
        "radioID": "leftMost"
    },
    "representToneAs": {
        "radioID": "letter"
    },
    "numberBase": {
        "radioID": "numberBaseEither"
    },
    "wordOrder": {
        "radioID": "randomWordOrder"
    },
    "adjectiveOrder": {
        "radioID": "randomAdjOrder"
    },
    "forceAffixes": {
        "radioID": "forceAffixesEither"
    },
    "customPhonemes": {
        "value": "false"
    },
    "addRandomPhonemes": {
        "value": "false"
    },
    "wordStructure": {
        "value": "true"
    },
    "advancedWordStructure": {
        "value": "false"
    },
    "syllableStructure": {
        "value": "false"
    },
    "allowContrastiveStress": {
        "value": "false"
    },
    "vowelProbabilities": {
        "value": "false"
    },
    "vowelToneCheck": {
        "value": "false"
    },
    "spellingCheck": {
        "value": "true"
    },
    "spellingSensitiveToStress": {
        "value": "false"
    },
    "addRandomSpellingRules": {
        "value": "false"
    },
    "composeSpelling": {
        "value": "false"
    },
    "hangul": {
        "value": "false"
    },
    "removeAllSpelling": {
        "value": "false"
    },
    "secondSpellingCheck": {
        "value": "false"
    },
    "phonologicalChangesCheck": {
        "value": "false"
    },
    "applyPhonologicalChanges": {
        "value": "false"
    },
    "sqaureBracketChanges": {
        "value": "false"
    },
    "addRandomPhonologicalRules": {
        "value": "false"
    },
    "removeForwardslash": {
        "value": "false"
    },
    "addRemoveWordsCheck": {
        "value": "false"
    },
    "sciFiVocab": {
        "value": "false"
    },
    "removeDefaultWords": {
        "value": "false"
    },
    "removeTranslations": {
        "value": "false"
    },
    "removeDefaultDerivedWords": {
        "value": "false"
    },
    "POSmorphologyCheck": {
        "value": "false"
    },
    "nounGenderCheck": {
        "value": "false"
    },
    "grammarCheck": {
        "value": "false"
    },
    "hidePhonologySection": {
        "value": "false"
    },
    "expandEditor": {
        "value": "false"
    },
    "banDoubleVowel": {
        "value": "true"
    },
    "anglicize": {
        "value": "true"
    },
    "removeDiphthongTiebar": {
        "value": "true"
    },
    "displayDerivationalAffixes": {
        "value": "true"
    },
    "pdfColumnBreak": {
        "value": "true"
    },
    "customConsonants": {
        "value": ""
    },
    "customVowels": {
        "value": ""
    },
    "wordInitialConsonants": {
        "value": "b bl bɹ d dɹ dv f fj fl g gl gɹ h hj hv j k kj kɹ kv l m n p pl pɹ ɹ s sj sk sl sp st str sv t tɹ v w z"
    },
    "midWordConsonants": {
        "value": "b bɹ d f g gg gɹ h j k l ld ll lt n ŋ p pp ɹ ɹd s sp st t tt v z"
    },
    "wordFinalConsonants": {
        "value": "d ft g k kk ks kt l ld ll lm lt lv m mm n nd nk nn nst ŋ pp ɹ ɹd ɹg ɹl ɹm ɹt s sk ss st t tt v vɹ"
    },
    "illegalCombinations": {
        "value": "[aɑ]aː aː[aɑ] ɘ# aːVaː"
    },
    "advancedVowels": {
        "value": "a aː aʊ ɑ ɛ ə ɘ e ɪ o u ʊ"
    },
    "secondVowelGroup": {
        "value": ""
    },
    "phonemeClasses": {
        "value": "C = b d f g h j k l m n p ɹ s t v w z\nV = a ɑ ɛ ə ɘ e ɪ o u ʊ\nS = CV CVC VC"
    },
    "wordPatterns": {
        "value": "S\nSS\nSSS\nzVSA\n\npronoun = \nV\nS\n\ndeterminer = \nV\nS"
    },
    "affixPatterns": {
        "value": "-VC\nCLa-\nCa-"
    },
    "maxOnset": {
        "value": ""
    },
    "maxCoda": {
        "value": ""
    },
    "vowelStartProb": {
        "value": ""
    },
    "vowelEndProb": {
        "value": ""
    },
    "vowelTones": {
        "value": ""
    },
    "spellingRules": {
        "value": "aː > aa\naʊ > au\nft# > fte\nss# > sse\npp# > ppe\nɑ > a\nɛ > e\nɘ > y\nə > u\nɪ > i\nʊ > u\nŋ > ng\nɹ > r"
    },
    "customAlphabetOrder": {
        "value": ""
    },
    "secondSpellingRules": {
        "value": ""
    },
    "phonologicalRules": {
        "value": ""
    },
    "addRemoveWords": {
        "value": ""
    },
    "derivedWords": {
        "value": ""
    },
    "derivationalAffixes": {
        "value": "ADVERB = Random\nQUALITY.OF.BEING = Random\nTO.MAKE = Random\nHAVING.QUALITY.OF = Random\nRELATING.TO = Random\nTO.CREATE = Random\nRESULT.OF.DOING = Random\nLIKELY.TO = Random\nACT.OF = Random\nPRODUCT.OF = Random\nDOER = Random\nPLACE.OF = Random\nDIM = Random\nAUG = Random"
    },
    "POSmorphology": {
        "value": "nm = -o\nnf = -a\nv = -ar"
    },
    "languageName": {
        "value": ""
    },
    "anglicizedName": {
        "value": ""
    },
    "nounGenders": {
        "value": "Masculine\nFeminine\nNeuter"
    },
    "pdfWordColour": {
        "value": "blue"
    },
    "pdfBackgroundColour": {
        "value": "maroon"
    },
    "pdfColumnsPerPage": {
        "value": "3"
    },
    "pdfIPA": {
        "value": "IPAbn"
    },
    "harmonyClicked": {
        "value": "false"
    },
    "grammarEditor": {
        "ops": [
            {
                "insert": "\n"
            }
        ]
    },
    "seedNumber": {
        "value": ""
    }
}