{
    "version": "9.4.1",
    "settingsVersion": "2.0",
    "level": "Pro",
    "dropoffRate": {
        "radioID": "mediumDrop"
    },
    "stressPattern": {
        "radioID": "advancedStress"
    },
    "footDefinition": {
        "radioID": "footDefinition2"
    },
    "feetBuildFrom": {
        "radioID": "rightEdge"
    },
    "feetStressedOn": {
        "radioID": "secondSyllable"
    },
    "mainStress": {
        "radioID": "leftMost"
    },
    "representToneAs": {
        "radioID": "letter"
    },
    "numberBase": {
        "radioID": "numberBaseEither"
    },
    "wordOrder": {
        "radioID": "randomWordOrder"
    },
    "adjectiveOrder": {
        "radioID": "randomAdjOrder"
    },
    "forceAffixes": {
        "radioID": "forceAffixesEither"
    },
    "customPhonemes": {
        "value": "false"
    },
    "addRandomPhonemes": {
        "value": "false"
    },
    "wordStructure": {
        "value": "true"
    },
    "advancedWordStructure": {
        "value": "false"
    },
    "syllableStructure": {
        "value": "false"
    },
    "allowContrastiveStress": {
        "value": "false"
    },
    "vowelProbabilities": {
        "value": "false"
    },
    "vowelToneCheck": {
        "value": "false"
    },
    "spellingCheck": {
        "value": "true"
    },
    "spellingSensitiveToStress": {
        "value": "false"
    },
    "addRandomSpellingRules": {
        "value": "false"
    },
    "composeSpelling": {
        "value": "false"
    },
    "hangul": {
        "value": "false"
    },
    "removeAllSpelling": {
        "value": "false"
    },
    "secondSpellingCheck": {
        "value": "false"
    },
    "phonologicalChangesCheck": {
        "value": "false"
    },
    "applyPhonologicalChanges": {
        "value": "false"
    },
    "sqaureBracketChanges": {
        "value": "false"
    },
    "addRandomPhonologicalRules": {
        "value": "false"
    },
    "removeForwardslash": {
        "value": "false"
    },
    "addRemoveWordsCheck": {
        "value": "false"
    },
    "sciFiVocab": {
        "value": "false"
    },
    "removeDefaultWords": {
        "value": "false"
    },
    "removeTranslations": {
        "value": "false"
    },
    "removeDefaultDerivedWords": {
        "value": "false"
    },
    "POSmorphologyCheck": {
        "value": "false"
    },
    "nounGenderCheck": {
        "value": "false"
    },
    "grammarCheck": {
        "value": "false"
    },
    "hidePhonologySection": {
        "value": "false"
    },
    "expandEditor": {
        "value": "false"
    },
    "banDoubleVowel": {
        "value": "true"
    },
    "anglicize": {
        "value": "true"
    },
    "removeDiphthongTiebar": {
        "value": "true"
    },
    "displayDerivationalAffixes": {
        "value": "true"
    },
    "pdfColumnBreak": {
        "value": "true"
    },
    "customConsonants": {
        "value": ""
    },
    "customVowels": {
        "value": ""
    },
    "wordInitialConsonants": {
        "value": "m j p w n s t t l l ŋ f r v kʷ c ɬ ŋʷ ç ʍ r̥ ps nj"
    },
    "midWordConsonants": {
        "value": "m p n s t l h ŋ r x kʷ c mb nd cç ŋʷ ʎ mʲ nt mp rʲ ps ts cc ht htj lc ld lf ll lm lp lt lv lw lkʷ mm mn nc nn nw pp pt rc rd rm rn rp rr rs rt rv rw rkʷ rtj sc ss st sw sk skʷ tj tt tw"
    },
    "wordFinalConsonants": {
        "value": "n s t l r nt"
    },
    "illegalCombinations": {
        "value": "ft [aiuɛɔ]# #hyi kʷVV kʷ[aiuɛɔ(uː)] OO [aiuɛɔ][aiuɛɔ] [aiuɛɔ]C[aiuɛɔ] [aiuɛɔ]CC[aiuɛɔ] wb"
    },
    "advancedVowels": {
        "value": "i a u ɛ ɔ iː aː uː oː eː"
    },
    "secondVowelGroup": {
        "value": ""
    },
    "phonemeClasses": {
        "value": "C = b k p r s v w q g\nV = i a u ɛ ɔ iː aː uː oː eː\nA = ion lar mel\nO = pp tt cc mm nn ss ll rr\nS = CV CVC CVV"
    },
    "wordPatterns": {
        "value": "S\nSS\nSSS\nSCiːe\nSCea\nSSCea\nSSCiːe\n\npronoun = \nV\nS\n\ndeterminer = \nV\nS"
    },
    "affixPatterns": {
        "value": "-VC\nCLa-\nCa-"
    },
    "maxOnset": {
        "value": ""
    },
    "maxCoda": {
        "value": ""
    },
    "vowelStartProb": {
        "value": "15"
    },
    "vowelEndProb": {
        "value": "60"
    },
    "vowelTones": {
        "value": ""
    },
    "spellingRules": {
        "value": "ʍ > hw\nkʷ > qu\nnj > ny\nmʲ > my\nʎ > ly\nrʲ > ry\ntj > ty\nj > y\n#ŋʷ > ñw\n#ŋ > ñ\nŋʷ > ngw\nŋ > ng\nsc > sty\nsk > sc\ncç > hty\nç > hy\nr̥ > hr\nɬ > hl\ni > í\na > á\nu > ú\náː > a\neː > e\níː > i\noː > o\núː > u\nɛ > é\nɔ > ó\ne# > ë|ëa\na# > a|ëa \n#á > a\n#é  > e\n#í   > i\n#ó  > o\n#ú  > u\nië# > ie\nëë > e"
    },
    "customAlphabetOrder": {
        "value": ""
    },
    "secondSpellingRules": {
        "value": ""
    },
    "phonologicalRules": {
        "value": ""
    },
    "addRemoveWords": {
        "value": ""
    },
    "derivedWords": {
        "value": ""
    },
    "derivationalAffixes": {
        "value": "ADVERB = Random\nQUALITY.OF.BEING = Random\nTO.MAKE = Random\nHAVING.QUALITY.OF = Random\nRELATING.TO = Random\nTO.CREATE = Random\nRESULT.OF.DOING = Random\nLIKELY.TO = Random\nACT.OF = Random\nPRODUCT.OF = Random\nDOER = Random\nPLACE.OF = Random\nDIM = Random\nAUG = Random"
    },
    "POSmorphology": {
        "value": "nm = -o\nnf = -a\nv = -ar"
    },
    "languageName": {
        "value": ""
    },
    "anglicizedName": {
        "value": ""
    },
    "nounGenders": {
        "value": "Masculine\nFeminine\nNeuter"
    },
    "pdfWordColour": {
        "value": "blue"
    },
    "pdfBackgroundColour": {
        "value": "maroon"
    },
    "pdfColumnsPerPage": {
        "value": "3"
    },
    "pdfIPA": {
        "value": "IPAbn"
    },
    "harmonyClicked": {
        "value": "false"
    },
    "grammarEditor": {
        "ops": [
            {
                "insert": "\n"
            }
        ]
    },
    "seedNumber": {
        "value": ""
    }
}